{"mse_mean": 0.027917550599999775, "mse_std": 0.004268159865051733, "l2_rel_error": 0.5449488279208603}