{"mse_mean": 9.767758044010064e-05, "mse_std": 6.075265041240173e-05, "l2_rel_error": 0.03207251869565128}