{"mse_mean": 0.015283966941948056, "mse_std": 0.0007531952756684858, "l2_rel_error": 0.40200062225157185}