{"mse_mean": 0.026695030205379246, "mse_std": 0.0016552768514301452, "l2_rel_error": 0.532030848305874}