{"mse_mean": 0.027115370199504343, "mse_std": 0.001472155726703934, "l2_rel_error": 0.5362031674720438}