{"mse_mean": 0.015191508893930878, "mse_std": 0.0008106825633600182, "l2_rel_error": 0.4007828567826085}