{"mse_mean": 0.03895174084615338, "mse_std": 0.001826845831880076, "l2_rel_error": 0.6440482233339282}