{"mse_mean": 0.005768804271903368, "mse_std": 0.000440659698195904, "l2_rel_error": 0.24781757077071204}