{"mse_mean": 0.022960814830268142, "mse_std": 0.0009291719599149211, "l2_rel_error": 0.49341830170469314}