{"mse_mean": 0.020111430595774568, "mse_std": 0.0010609675313374746, "l2_rel_error": 0.46113720482574483}