{"mse_mean": 0.006824461483771475, "mse_std": 0.001116766940886821, "l2_rel_error": 0.26808333272400225}