{"mse_mean": 0.020576459295769584, "mse_std": 0.003358568362359462, "l2_rel_error": 0.4678454278467857}