{"mse_mean": 0.0002852522494763035, "mse_std": 0.0001000915646228943, "l2_rel_error": 0.05480878305254549}