{"mse_mean": 0.026916985900548376, "mse_std": 0.004444509973448196, "l2_rel_error": 0.5350942453130446}