{"mse_mean": 0.04025146227216449, "mse_std": 0.0021414247588405167, "l2_rel_error": 0.6532996675354759}