{"mse_mean": 1.8030393732843477e-05, "mse_std": 1.3234598553225571e-05, "l2_rel_error": 0.013807380264710957}