{"mse_mean": 0.006257744905810542, "mse_std": 0.0012162850341458403, "l2_rel_error": 0.2560723921492688}