{"mse_mean": 0.02181626087630902, "mse_std": 0.002597453012069227, "l2_rel_error": 0.47897709689386153}