{"mse_mean": 0.0012416718905659358, "mse_std": 0.0002937907995728066, "l2_rel_error": 0.11435075730019828}