{"mse_mean": 0.02515054867082918, "mse_std": 0.0044195958975120665, "l2_rel_error": 0.517238446636003}