{"mse_mean": 0.03010149832574376, "mse_std": 0.00394592138991875, "l2_rel_error": 0.5626245065092026}