{"mse_mean": 1.2142016003676466e-05, "mse_std": 5.097766759250772e-06, "l2_rel_error": 0.011279743691876946}