{"mse_mean": 0.0065218323917473845, "mse_std": 0.0010757916987340157, "l2_rel_error": 0.2620718877901203}