{"mse_mean": 0.02059773824369917, "mse_std": 0.0036750999578242386, "l2_rel_error": 0.4680872742670417}