{"mse_mean": 0.03811672381866724, "mse_std": 0.0017476091057044645, "l2_rel_error": 0.6357397821607771}