{"mse_mean": 0.0041830726508794575, "mse_std": 0.0005141023200309085, "l2_rel_error": 0.21030828612740987}