{"mse_mean": 0.0068720888593421375, "mse_std": 0.001124553090979991, "l2_rel_error": 0.26901717241963513}