{"mse_mean": 0.020115826681018533, "mse_std": 0.003287785365826345, "l2_rel_error": 0.46257910273574776}