{"mse_mean": 0.009956644252363377, "mse_std": 0.0006003935268844657, "l2_rel_error": 0.32446299717392535}