{"mse_mean": 0.03273627672574617, "mse_std": 0.001638974570673964, "l2_rel_error": 0.5891640618863935}