{"mse_mean": 0.039662727036878925, "mse_std": 0.0020276016430437185, "l2_rel_error": 0.6498995496589394}