{"mse_mean": 4.592422707618254e-06, "mse_std": 2.1474649221612246e-07, "l2_rel_error": 0.006992140094858803}